,terms,docs
0,webcam,"[(0, 3), (2, 1), (13, 1), (14, 1), (33, 1), (38, 1), (48, 2), (81, 1), (82, 1), (84, 1), (85, 1), (86, 1), (104, 1), (105, 1), (106, 1), (107, 1), (113, 1), (114, 1), (115, 1), (122, 1), (123, 1), (124, 1), (154, 2), (155, 2), (156, 1), (157, 1), (160, 1), (161, 1), (176, 1), (200, 1), (205, 1), (206, 1), (207, 1), (208, 2), (220, 1)]"
1,comput,"[(0, 2), (1, 1), (3, 1), (4, 1), (6, 1), (7, 1), (13, 1), (14, 1), (15, 1), (19, 2), (20, 1), (22, 1), (24, 1), (30, 1), (33, 1), (34, 1), (37, 1), (38, 1), (39, 1), (40, 2), (41, 1), (42, 1), (43, 1), (44, 1), (45, 1), (47, 1), (48, 1), (49, 1), (50, 1), (51, 1), (52, 1), (53, 1), (54, 2), (55, 1), (56, 1), (57, 2), (58, 1), (59, 1), (63, 1), (65, 1), (66, 1), (67, 1), (68, 1), (70, 1), (71, 1), (72, 1), (73, 1), (74, 1), (78, 1), (91, 1), (92, 1), (93, 1), (94, 2), (95, 1), (96, 1), (97, 1), (98, 1), (101, 1), (102, 1), (103, 1), (120, 1), (125, 1), (126, 1), (127, 1), (128, 1), (129, 1), (132, 1), (134, 1), (135, 1), (136, 1), (137, 1), (141, 1), (147, 1), (148, 1), (149, 1), (150, 1), (152, 1), (153, 1), (163, 1), (164, 1), (165, 2), (166, 1), (169, 1), (170, 1), (179, 2), (180, 1), (181, 1), (184, 1), (185, 3), (186, 1), (187, 1), (188, 1), (195, 1), (197, 1), (199, 2), (200, 1), (201, 1), (203, 1), (205, 1), (208, 1), (210, 1), (213, 1), (214, 1), (216, 2), (217, 1), (219, 1)]"
2,2k,"[(0, 1), (46, 1), (108, 1), (109, 1), (110, 1), (122, 1), (123, 1), (124, 1), (156, 1), (157, 1), (220, 1)]"
3,hd,"[(0, 1), (1, 1), (2, 1), (8, 1), (9, 1), (10, 2), (13, 1), (14, 1), (23, 1), (27, 1), (28, 1), (33, 1), (36, 1), (37, 1), (52, 1), (53, 1), (60, 1), (61, 1), (63, 1), (79, 1), (80, 1), (81, 1), (84, 1), (85, 1), (86, 1), (102, 1), (103, 1), (104, 1), (105, 1), (106, 1), (107, 1), (111, 1), (112, 1), (116, 1), (117, 1), (122, 1), (123, 1), (124, 1), (128, 1), (146, 1), (154, 1), (155, 1), (156, 1), (157, 1), (158, 1), (159, 1), (160, 1), (171, 1), (172, 1), (175, 1), (196, 1), (200, 2), (205, 1), (206, 1), (207, 1), (208, 1), (220, 1)]"
4,1440p,"[(0, 1)]"
5,microf,"[(0, 1), (13, 1), (14, 1), (33, 1), (34, 1), (56, 1), (57, 1), (58, 1), (59, 1), (67, 3), (122, 1), (123, 1), (124, 1), (125, 1), (131, 3), (134, 1), (148, 1), (154, 1), (155, 1), (156, 1), (157, 1), (197, 2), (200, 1), (205, 1), (206, 1), (207, 1), (208, 1), (220, 1)]"
6,stere,"[(0, 1), (20, 1), (33, 1), (58, 1), (205, 1)]"
7,pc,"[(0, 1), (1, 1), (5, 1), (7, 1), (8, 1), (9, 1), (14, 1), (19, 2), (20, 3), (23, 1), (33, 1), (34, 1), (35, 2), (36, 2), (37, 1), (40, 1), (42, 1), (49, 1), (50, 1), (56, 2), (57, 2), (58, 1), (59, 1), (64, 1), (65, 2), (66, 2), (67, 1), (68, 2), (69, 1), (70, 1), (71, 1), (72, 1), (73, 1), (74, 1), (75, 1), (76, 2), (77, 2), (78, 1), (81, 1), (82, 1), (83, 1), (85, 1), (86, 1), (87, 1), (88, 1), (93, 1), (96, 3), (98, 1), (102, 1), (103, 1), (118, 1), (120, 1), (122, 3), (123, 3), (124, 3), (125, 1), (127, 1), (128, 1), (129, 1), (130, 3), (131, 1), (132, 1), (133, 1), (147, 1), (148, 1), (152, 1), (154, 1), (155, 1), (156, 3), (157, 3), (162, 1), (166, 1), (167, 1), (168, 1), (169, 1), (170, 1), (171, 1), (172, 1), (174, 1), (177, 1), (178, 1), (181, 1), (187, 1), (195, 1), (197, 1), (198, 1), (199, 1), (200, 2), (206, 1), (207, 1), (208, 2), (209, 1), (211, 1), (217, 1), (220, 2)]"
8,laptop,"[(0, 1), (2, 1), (14, 1), (15, 1), (16, 1), (17, 1), (20, 1), (21, 1), (24, 2), (31, 1), (32, 1), (33, 1), (38, 1), (41, 1), (42, 1), (43, 1), (46, 1), (48, 1), (54, 1), (56, 1), (64, 2), (65, 1), (66, 1), (68, 1), (75, 2), (76, 1), (77, 1), (95, 1), (96, 1), (104, 1), (105, 1), (106, 1), (107, 1), (108, 1), (109, 1), (110, 1), (113, 1), (114, 1), (115, 1), (120, 1), (121, 1), (122, 1), (123, 1), (124, 1), (126, 1), (130, 1), (132, 1), (133, 2), (147, 2), (148, 1), (153, 1), (154, 1), (155, 1), (156, 1), (157, 1), (162, 1), (174, 1), (177, 1), (178, 1), (181, 1), (184, 1), (187, 1), (188, 1), (189, 1), (190, 1), (191, 1), (192, 4), (195, 1), (197, 1), (198, 1), (200, 1), (203, 1), (209, 1), (210, 1), (212, 2), (217, 1), (218, 1), (219, 1)]"
9,desktop,"[(0, 1), (1, 1), (7, 1), (14, 1), (19, 1), (20, 1), (33, 1), (50, 1), (127, 1), (128, 1), (129, 1), (141, 1), (148, 1), (166, 1), (169, 1), (170, 2), (200, 1), (220, 1)]"
10,copertur,"[(0, 1)]"
11,protezion,"[(0, 1), (49, 1), (201, 1), (203, 1)]"
12,dat,"[(0, 1), (198, 1), (215, 1)]"
13,treppi,"[(0, 1), (67, 1), (154, 1), (155, 1), (156, 1), (157, 1), (205, 1)]"
14,usb,"[(0, 1), (13, 1), (14, 1), (17, 1), (19, 1), (33, 1), (37, 1), (39, 1), (47, 1), (56, 1), (57, 1), (58, 1), (59, 2), (67, 1), (81, 1), (82, 1), (83, 1), (84, 1), (98, 1), (113, 1), (114, 1), (115, 1), (122, 1), (123, 1), (124, 1), (125, 1), (128, 1), (129, 1), (131, 1), (134, 1), (148, 1), (154, 1), (155, 1), (164, 1), (165, 1), (174, 1), (180, 1), (186, 3), (189, 1), (190, 1), (191, 1), (196, 3), (197, 1), (198, 1), (200, 1), (205, 1), (208, 1), (209, 1), (210, 1), (211, 1), (212, 1), (215, 2), (216, 1), (217, 1), (220, 1)]"
15,stream,"[(0, 1), (81, 1), (84, 1), (149, 1), (150, 1), (171, 1), (175, 1), (206, 1), (207, 1), (208, 1)]"
16,videochiam,"[(0, 1), (14, 1), (33, 1), (149, 1), (150, 1), (154, 1), (155, 1), (200, 1), (206, 1), (207, 1), (208, 1), (220, 1)]"
17,confert,"[(0, 1), (33, 1), (131, 1), (154, 1), (155, 1), (200, 1), (205, 1), (206, 1), (207, 1), (208, 1), (220, 1)]"
18,stud,"[(0, 1), (14, 1), (154, 1), (155, 1), (200, 1), (201, 1), (205, 1), (220, 1)]"
19,min,"[(1, 2), (19, 1), (20, 1), (36, 2), (37, 2), (38, 1), (118, 1), (127, 2), (128, 2), (129, 2), (132, 1), (214, 1), (215, 1)]"
20,acepc,"[(1, 1)]"
21,8gb,"[(1, 1), (38, 1), (39, 1), (45, 1), (51, 1), (63, 1), (87, 1), (89, 1), (102, 1), (103, 1), (108, 1), (109, 1), (110, 1), (114, 1), (115, 1), (118, 1), (142, 1), (143, 1), (144, 1), (158, 1), (159, 1), (167, 1), (168, 1), (169, 1), (189, 1), (190, 1), (191, 1)]"
22,ram,"[(1, 1), (2, 1), (3, 1), (4, 1), (5, 1), (7, 1), (8, 1), (9, 1), (10, 1), (11, 1), (12, 1), (17, 1), (18, 1), (23, 1), (25, 1), (26, 1), (27, 1), (28, 1), (29, 1), (37, 1), (39, 1), (46, 1), (47, 1), (50, 1), (51, 1), (54, 1), (63, 1), (79, 1), (80, 1), (81, 1), (82, 1), (83, 1), (84, 1), (85, 1), (86, 1), (87, 1), (88, 1), (102, 1), (103, 1), (104, 1), (105, 1), (106, 1), (107, 1), (108, 1), (109, 1), (110, 1), (111, 1), (112, 1), (113, 1), (114, 1), (115, 1), (116, 1), (117, 1), (128, 1), (138, 1), (139, 1), (140, 1), (141, 1), (144, 1), (145, 1), (158, 1), (159, 1), (160, 1), (161, 1), (162, 1), (166, 1), (167, 1), (168, 1), (169, 1), (170, 1), (171, 1), (172, 1), (177, 1), (178, 1), (189, 1), (190, 1), (191, 1), (211, 1)]"
23,256gb,"[(1, 1), (2, 1), (36, 1), (39, 1), (62, 1), (79, 1), (80, 1), (87, 1), (89, 1), (90, 1), (102, 1), (103, 1), (108, 1), (109, 1), (110, 1), (113, 1), (114, 1), (118, 1), (142, 1), (143, 1), (146, 1), (189, 1), (190, 1), (191, 1)]"
24,rom,"[(1, 1), (18, 1), (37, 1), (51, 1), (54, 1), (102, 1), (103, 1)]"
25,intel,"[(1, 1), (2, 1), (3, 1), (4, 1), (5, 2), (6, 1), (7, 2), (8, 2), (9, 2), (10, 2), (12, 1), (17, 1), (23, 1), (27, 1), (28, 1), (29, 1), (36, 1), (37, 1), (39, 1), (45, 1), (46, 1), (47, 1), (50, 1), (52, 2), (53, 2), (54, 1), (83, 1), (85, 1), (86, 1), (89, 1), (90, 1), (91, 1), (92, 1), (102, 1), (103, 1), (104, 1), (105, 1), (106, 1), (107, 1), (116, 1), (117, 1), (126, 1), (127, 1), (128, 1), (129, 1), (135, 1), (136, 1), (137, 1), (138, 1), (139, 1), (140, 1), (141, 1), (142, 1), (143, 1), (144, 1), (145, 1), (146, 2), (158, 2), (159, 2), (160, 1), (161, 1), (167, 1), (168, 1), (169, 1), (170, 1), (172, 1), (176, 1), (177, 1), (178, 1), (189, 1), (190, 1), (191, 1), (211, 1)]"
26,celeron,"[(1, 1), (8, 1), (9, 1), (27, 1), (28, 1), (29, 1), (83, 1), (102, 1), (103, 1), (104, 1), (105, 1), (106, 1), (107, 1), (116, 1), (127, 1)]"
27,j4125,"[(1, 1)]"
28,support,"[(1, 1), (14, 1), (15, 1), (24, 4), (35, 1), (37, 1), (40, 3), (64, 2), (68, 4), (72, 1), (75, 3), (76, 3), (77, 3), (96, 2), (120, 3), (127, 1), (130, 2), (146, 1), (147, 3), (184, 3), (185, 3), (186, 1), (187, 1), (192, 4), (198, 3), (199, 2)]"
29,sat,"[(1, 1), (7, 1), (62, 1)]"
30,ssd,"[(1, 1), (2, 1), (3, 1), (4, 1), (5, 1), (6, 1), (7, 1), (11, 1), (12, 1), (17, 1), (23, 1), (25, 1), (26, 1), (30, 1), (36, 1), (39, 1), (45, 1), (46, 1), (47, 1), (50, 1), (52, 1), (53, 1), (62, 1), (63, 1), (79, 1), (80, 1), (82, 1), (85, 2), (86, 2), (87, 1), (88, 1), (89, 1), (90, 1), (108, 1), (109, 1), (110, 1), (113, 1), (114, 1), (115, 1), (117, 1), (118, 1), (127, 1), (128, 1), (129, 1), (136, 1), (137, 1), (138, 1), (139, 1), (140, 1), (141, 1), (142, 1), (143, 1), (144, 1), (145, 1), (158, 1), (159, 1), (160, 2), (162, 1), (166, 1), (170, 2), (172, 1), (176, 1), (177, 1), (178, 1), (189, 1), (190, 1), (191, 1), (211, 1)]"
31,hdd,"[(1, 1), (2, 1), (23, 1), (50, 1), (51, 1), (91, 1), (92, 1), (161, 1)]"
32,window,"[(1, 1), (3, 1), (4, 1), (5, 1), (6, 1), (7, 1), (11, 1), (12, 1), (17, 1), (19, 1), (23, 1), (30, 1), (36, 1), (37, 1), (39, 1), (47, 1), (50, 1), (51, 1), (54, 1), (67, 1), (79, 1), (80, 1), (81, 1), (82, 1), (84, 1), (87, 1), (88, 1), (102, 1), (103, 1), (104, 1), (105, 1), (106, 1), (107, 1), (108, 1), (109, 1), (110, 1), (117, 1), (127, 1), (128, 1), (129, 1), (132, 1), (141, 1), (158, 1), (159, 1), (166, 1), (169, 1), (170, 1), (171, 1), (172, 1), (177, 1), (178, 1), (189, 1), (190, 1), (191, 1), (196, 1), (210, 1), (211, 1), (215, 1)]"
33,pro,"[(1, 1), (23, 1), (25, 1), (26, 1), (35, 1), (37, 1), (45, 1), (46, 1), (47, 1), (48, 1), (50, 1), (51, 1), (64, 1), (75, 1), (76, 1), (77, 1), (85, 1), (86, 1), (90, 1), (95, 2), (96, 1), (100, 3), (118, 1), (120, 1), (127, 1), (128, 1), (146, 1), (158, 1), (159, 1), (160, 1), (161, 1), (167, 1), (168, 1), (169, 1), (170, 1), (185, 1), (215, 1), (219, 1)]"
34,bit,"[(1, 1), (104, 1), (105, 1), (106, 1), (107, 1), (193, 1)]"
35,dual,"[(1, 1), (23, 1), (36, 1), (54, 1), (84, 1), (129, 1), (162, 1), (175, 1)]"
36,wif,"[(1, 1), (36, 1), (37, 1), (38, 1), (39, 1), (46, 1), (54, 1), (113, 1), (114, 1), (115, 1), (118, 1), (127, 1), (129, 1), (158, 1), (159, 1), (160, 1), (162, 1), (169, 1), (170, 1), (189, 1), (190, 1), (191, 1)]"
37,5g,"[(1, 1), (46, 1), (162, 1)]"
38,bluetooth,"[(1, 1), (36, 1), (37, 1), (87, 1), (88, 1), (132, 1), (158, 1), (159, 1), (181, 1), (189, 1), (190, 1), (191, 1), (213, 1)]"
39,4k,"[(1, 1), (36, 1), (47, 1), (63, 1), (128, 1), (186, 1)]"
40,hdmi,"[(1, 1), (2, 1), (36, 1), (37, 1), (62, 1), (81, 1), (82, 1), (84, 1), (87, 1), (88, 1), (113, 1), (114, 1), (115, 1), (127, 1), (128, 1), (129, 1), (158, 1), (159, 1), (169, 1), (186, 1), (189, 1), (190, 1), (191, 1), (196, 3)]"
41,vga,"[(1, 1), (37, 1), (127, 1), (129, 1), (159, 1)]"
42,port,"[(1, 1), (35, 2), (42, 1), (62, 1), (75, 1), (76, 1), (77, 1), (93, 1), (96, 1), (127, 1), (128, 1), (146, 1), (152, 1), (164, 1), (186, 2), (212, 1), (215, 1), (217, 1)]"
43,ak3,"[(1, 1)]"
44,cor,"[(2, 2), (3, 1), (4, 1), (5, 1), (7, 1), (10, 1), (12, 1), (23, 1), (36, 2), (38, 1), (39, 1), (45, 1), (46, 1), (50, 2), (52, 1), (53, 1), (84, 1), (85, 1), (86, 1), (90, 2), (113, 1), (114, 1), (115, 1), (117, 1), (118, 1), (126, 1), (128, 1), (129, 1), (135, 1), (136, 1), (137, 1), (138, 1), (139, 1), (140, 1), (141, 1), (142, 1), (143, 1), (144, 1), (145, 1), (158, 1), (159, 1), (160, 1), (161, 1), (167, 1), (168, 1), (169, 1), (170, 1), (176, 1), (177, 1), (178, 1), (197, 1)]"
45,acer,"[(2, 1), (3, 1), (4, 1), (5, 1), (6, 1), (7, 1), (8, 1), (9, 1), (10, 1), (11, 1), (12, 1), (52, 1), (53, 1), (65, 1), (66, 1), (120, 1), (153, 1), (158, 1)]"
46,aspir,"[(2, 1), (3, 1), (4, 1), (5, 1), (6, 1), (7, 1)]"
47,a315,"[(2, 1), (3, 1), (4, 1), (52, 1), (53, 1)]"
48,slim,"[(2, 1), (175, 1)]"
49,full,"[(2, 1), (8, 1), (9, 1), (10, 1), (14, 1), (33, 1), (60, 1), (61, 1), (79, 1), (80, 1), (111, 1), (112, 1), (117, 1), (154, 1), (155, 1), (158, 1), (160, 1), (200, 2), (205, 1), (206, 1), (207, 1)]"
50,quad,"[(2, 1), (10, 1), (36, 1), (38, 1), (50, 1), (118, 1), (129, 1), (158, 1), (169, 1), (177, 1), (178, 1)]"
51,i5,"[(2, 1), (3, 1), (4, 1), (5, 1), (51, 1), (62, 1), (90, 1), (118, 1), (128, 1), (141, 1), (143, 1), (144, 1), (158, 2), (161, 1), (167, 1), (168, 1), (176, 1), (211, 1)]"
52,1035g1,"[(2, 1), (5, 1)]"
53,ghz,"[(2, 1), (23, 1), (46, 1), (47, 1), (85, 1), (86, 1), (91, 1), (92, 1), (113, 1), (114, 1), (115, 1), (128, 1), (133, 1), (211, 1)]"
54,12gb,"[(2, 1), (90, 1)]"
55,1tb,"[(2, 1), (23, 1), (50, 1), (139, 1), (140, 1), (166, 1)]"
56,ethernet,"[(2, 1), (36, 1), (115, 1), (128, 1)]"
57,keypad,"[(2, 1)]"
58,win,"[(2, 1), (46, 1), (90, 1), (113, 1), (114, 1), (115, 1), (118, 1), (139, 1), (140, 1), (144, 1), (145, 1), (161, 1), (167, 1), (168, 1)]"
59,qwerti,"[(2, 1), (113, 1), (114, 1), (115, 1)]"
60,us,"[(2, 1), (113, 1), (114, 1), (115, 1)]"
61,version,"[(2, 1), (113, 1), (114, 1), (115, 1)]"
62,gb,"[(3, 2), (4, 2), (5, 2), (6, 2), (7, 2), (8, 1), (9, 1), (10, 1), (11, 3), (12, 1), (30, 2), (45, 1), (46, 2), (47, 2), (50, 2), (52, 2), (53, 2), (54, 2), (63, 1), (79, 1), (80, 1), (81, 2), (82, 2), (83, 2), (84, 2), (85, 2), (86, 2), (88, 1), (91, 2), (92, 2), (104, 2), (105, 2), (106, 2), (107, 2), (111, 2), (112, 2), (117, 2), (128, 2), (129, 2), (136, 2), (137, 2), (141, 2), (158, 1), (160, 1), (170, 2), (172, 2), (176, 2), (177, 2), (178, 2), (211, 2)]"
63,portatil,"[(3, 1), (4, 1), (5, 1), (6, 1), (8, 1), (9, 1), (10, 1), (19, 2), (20, 1), (22, 1), (24, 1), (30, 1), (35, 1), (38, 1), (39, 1), (40, 1), (42, 1), (45, 1), (46, 1), (47, 1), (48, 1), (52, 1), (53, 1), (54, 1), (63, 1), (64, 2), (65, 2), (66, 2), (68, 2), (72, 1), (75, 1), (76, 1), (77, 1), (87, 1), (88, 1), (91, 1), (92, 1), (93, 1), (95, 1), (96, 2), (97, 1), (98, 1), (102, 2), (103, 2), (120, 1), (125, 1), (126, 1), (130, 1), (133, 1), (135, 1), (136, 1), (137, 1), (147, 2), (153, 1), (158, 1), (159, 1), (162, 1), (164, 1), (172, 1), (175, 1), (176, 1), (177, 1), (178, 1), (180, 1), (185, 3), (187, 2), (188, 1), (189, 1), (190, 1), (191, 1), (192, 2), (199, 3), (203, 1), (205, 1), (211, 1), (212, 1), (214, 2), (216, 2), (220, 1)]"
64,fhd,"[(3, 1), (4, 1), (5, 1), (7, 1), (11, 1), (12, 1), (29, 1), (39, 1), (52, 1), (53, 1), (82, 1), (83, 1), (104, 1), (105, 1), (106, 1), (107, 1), (113, 1), (114, 1), (115, 1), (138, 1), (139, 1), (140, 1), (142, 2), (143, 1), (144, 1), (145, 1), (177, 1), (178, 1)]"
65,uhd,"[(3, 1), (4, 1), (5, 1), (7, 1), (146, 1), (158, 1)]"
66,graphic,"[(3, 1), (4, 1), (23, 1), (37, 1), (52, 1), (53, 1), (146, 1), (175, 1)]"
67,10f,"[(3, 1), (4, 1)]"
68,a514,"[(5, 1)]"
69,53pb,"[(5, 1)]"
70,notebook,"[(5, 1), (8, 1), (9, 1), (10, 1), (11, 1), (12, 1), (15, 1), (16, 1), (17, 1), (27, 1), (28, 1), (29, 1), (35, 2), (39, 1), (40, 1), (42, 1), (46, 1), (54, 1), (65, 1), (66, 1), (68, 1), (75, 1), (76, 1), (77, 1), (81, 1), (84, 1), (85, 1), (86, 1), (87, 1), (88, 1), (91, 2), (92, 2), (95, 1), (96, 1), (102, 2), (103, 2), (104, 1), (105, 1), (106, 1), (107, 1), (111, 1), (112, 1), (116, 1), (117, 1), (120, 1), (138, 1), (139, 1), (140, 1), (142, 2), (143, 1), (145, 1), (147, 2), (158, 1), (159, 1), (160, 1), (161, 1), (162, 1), (176, 1), (177, 1), (178, 1), (187, 1), (188, 1), (189, 1), (190, 1), (191, 1), (192, 1), (211, 1)]"
71,processor,"[(5, 1), (7, 1), (8, 1), (9, 1), (10, 1), (11, 1), (12, 1), (36, 1), (37, 1), (91, 1), (92, 1), (111, 1), (112, 1), (116, 1), (117, 1), (128, 1), (129, 1), (172, 1)]"
72,ddr4,"[(5, 1), (6, 1), (7, 1), (8, 1), (9, 1), (10, 1), (11, 1), (12, 1), (30, 1), (36, 1), (45, 1), (84, 1), (87, 1), (88, 1), (89, 1), (90, 1), (136, 1), (137, 1), (138, 1), (142, 1), (143, 1), (144, 1), (145, 1), (158, 1), (159, 1), (160, 1), (166, 1), (170, 1), (175, 1), (176, 1)]"
73,pci,"[(5, 1), (11, 1), (12, 1), (138, 1), (139, 1), (140, 1), (142, 1), (143, 1), (144, 1), (145, 1), (160, 1)]"
74,nvme,"[(5, 1), (11, 1), (12, 1), (85, 1), (86, 1), (90, 1), (159, 1)]"
75,display,"[(5, 1), (7, 1), (8, 1), (9, 1), (10, 1), (11, 1), (12, 1), (55, 1), (62, 1), (85, 1), (86, 1), (87, 1), (88, 1), (90, 1), (94, 1), (95, 1), (99, 1), (104, 1), (105, 1), (106, 1), (107, 1), (108, 1), (109, 1), (110, 1), (111, 1), (112, 1), (116, 1), (117, 1), (158, 1), (159, 1), (160, 1), (176, 1), (177, 1), (178, 1)]"
76,ip,"[(5, 1), (7, 1), (10, 1), (11, 1), (12, 1), (17, 1), (54, 1), (79, 1), (80, 1), (82, 1), (102, 1), (103, 1), (104, 1), (105, 1), (106, 1), (107, 1), (117, 1), (144, 1), (176, 1), (189, 1), (190, 1), (191, 1)]"
77,led,"[(5, 1), (8, 1), (9, 1), (11, 1), (20, 1), (85, 1), (86, 1), (99, 1), (125, 1), (160, 1), (195, 1)]"
78,lcd,"[(5, 1), (8, 1), (9, 1), (11, 1), (12, 1), (43, 1), (55, 1), (94, 1), (165, 1), (179, 1)]"
79,hom,"[(5, 1), (6, 1), (7, 1), (11, 1), (12, 1), (81, 1), (82, 1), (84, 1), (108, 1), (109, 1), (110, 1), (139, 1), (140, 1), (141, 1), (144, 1), (145, 1), (211, 1)]"
80,silver,"[(5, 1), (8, 1), (9, 1), (10, 1), (79, 1), (80, 1), (90, 1), (146, 1)]"
81,a515,"[(6, 1)]"
82,p1vi,"[(6, 1)]"
83,argent,"[(6, 1), (25, 1), (26, 1), (29, 1), (30, 1), (63, 1), (82, 1), (83, 1), (120, 1)]"
84,cm,"[(6, 1), (30, 1), (60, 1), (61, 1), (79, 1), (80, 1), (136, 1), (137, 1), (201, 1)]"
85,x,"[(6, 1), (18, 1), (47, 1), (60, 1), (61, 1), (63, 1), (65, 1), (66, 1), (102, 1), (103, 1), (126, 1), (135, 1), (136, 1), (137, 1), (146, 1), (176, 1), (201, 2)]"
86,pixel,"[(6, 1), (136, 1), (137, 1), (173, 1), (176, 1)]"
87,pentium,"[(6, 1), (10, 1), (89, 1), (129, 1), (146, 1)]"
88,gold,"[(6, 1)]"
89,wi,"[(6, 1), (47, 1), (85, 1), (86, 1), (87, 1), (88, 1), (90, 1), (128, 1), (166, 1), (176, 1)]"
90,fi,"[(6, 1), (47, 1), (85, 1), (86, 1), (87, 1), (88, 1), (90, 1), (128, 1), (166, 1), (176, 1)]"
91,s,"[(6, 1), (52, 1), (53, 1), (81, 1), (84, 1), (171, 1)]"
92,tastier,"[(6, 1), (52, 1), (53, 1), (78, 1), (90, 1), (162, 1), (181, 2), (186, 1), (189, 1), (190, 1), (191, 1), (211, 1), (214, 1)]"
93,tedesc,"[(6, 1)]"
94,c24,"[(7, 1)]"
95,fiss,"[(7, 1), (50, 1), (122, 1), (123, 1), (124, 1), (154, 1), (155, 1), (156, 1), (157, 1), (166, 1), (169, 2), (170, 1), (208, 1)]"
96,one,"[(7, 1), (69, 1), (82, 1)]"
97,i3,"[(7, 1), (45, 1), (46, 1), (52, 1), (53, 1), (85, 1), (86, 1), (113, 1), (114, 1), (115, 1), (117, 1), (159, 2), (160, 1)]"
98,10110u,"[(7, 1)]"
99,m,"[(7, 1), (87, 1), (88, 1), (90, 1), (138, 1), (139, 1), (140, 1), (142, 1), (143, 1), (144, 1), (145, 1), (146, 1), (170, 1)]"
100,wireless,"[(7, 1), (55, 2), (132, 1), (133, 2), (165, 1), (179, 1), (181, 2), (209, 1), (210, 1), (213, 1)]"
101,lan,"[(7, 1), (37, 1)]"
102,chromebook,"[(8, 1), (9, 1), (10, 1), (27, 1), (28, 1), (29, 1), (83, 1), (111, 1), (112, 1), (116, 1), (153, 1)]"
103,cb314,"[(8, 1), (9, 1)]"
104,1h,"[(8, 1), (9, 1), (10, 1)]"
105,c2w1,"[(8, 1), (9, 1)]"
106,n4000,"[(8, 1), (9, 1), (47, 1), (83, 1), (116, 1), (127, 1), (146, 1)]"
107,4gb,"[(8, 1), (9, 1), (10, 1), (12, 1), (17, 1), (18, 1), (27, 1), (28, 1), (29, 1), (37, 1), (63, 1), (88, 1), (116, 1), (127, 1), (138, 1), (146, 1), (161, 1), (175, 1)]"
108,emmc,"[(8, 1), (9, 1), (10, 1), (27, 1), (28, 1), (29, 1), (81, 1), (83, 1), (84, 1), (104, 1), (105, 1), (106, 1), (107, 1), (111, 1), (112, 1), (116, 1), (127, 1), (171, 1), (175, 1)]"
109,sched,"[(8, 1), (9, 1), (50, 1), (134, 1)]"
110,grafic,"[(8, 1), (9, 1), (10, 1), (82, 1)]"
111,chrom,"[(8, 1), (9, 1), (10, 1), (27, 1), (28, 1), (29, 1), (83, 1), (111, 1), (112, 1), (116, 1)]"
112,os,"[(8, 1), (9, 1), (10, 1), (83, 1), (111, 1), (112, 1), (116, 1), (138, 1), (142, 1), (143, 1)]"
113,cb,"[(8, 1), (9, 1), (10, 1), (29, 1), (83, 1)]"
114,cb514,"[(10, 1)]"
115,p9a,"[(10, 1)]"
116,n4200,"[(10, 1)]"
117,nitr,"[(11, 1), (12, 1)]"
118,an515,"[(11, 1), (12, 1)]"
119,r6wc,"[(11, 1)]"
120,game,"[(11, 1), (12, 1), (15, 1), (31, 1), (32, 1), (49, 1), (67, 1), (73, 1), (74, 1), (135, 1), (136, 1), (137, 1), (139, 1), (140, 1), (174, 1), (195, 1)]"
121,amd,"[(11, 1), (30, 1), (81, 1), (82, 2), (84, 1), (88, 1), (108, 1), (109, 1), (110, 1), (111, 1), (112, 1), (171, 1), (175, 1)]"
122,ryzen,"[(11, 1), (30, 1), (79, 1), (80, 1), (82, 1), (108, 1), (109, 1), (110, 1)]"
123,4800h,"[(11, 1)]"
124,nvid,"[(11, 1), (12, 1), (136, 1), (137, 1), (138, 1), (139, 1), (140, 1), (141, 1), (166, 1)]"
125,geforc,"[(11, 1), (12, 1), (63, 1), (136, 1), (137, 1)]"
126,gtx,"[(11, 1), (12, 1), (63, 1)]"
127,72ff,"[(12, 1)]"
128,i7,"[(12, 1), (36, 2), (50, 1), (126, 2), (135, 2), (138, 1), (139, 1), (140, 1), (142, 1), (145, 1), (166, 1), (170, 2)]"
129,9750h,"[(12, 1)]"
130,1024gb,"[(12, 1)]"
131,hz,"[(12, 1), (186, 1)]"
132,gddr5,"[(12, 1)]"
133,videoconfert,"[(13, 2), (56, 1), (122, 1), (123, 1), (124, 1), (125, 1), (149, 1), (150, 1), (156, 1), (157, 1)]"
134,aibeci,"[(13, 1)]"
135,1080p,"[(13, 1), (14, 1), (33, 1), (154, 1), (155, 1), (177, 1), (178, 1), (200, 1), (205, 1), (206, 1), (207, 1), (208, 1), (211, 1)]"
136,720p,"[(13, 1)]"
137,telecam,"[(13, 1), (205, 1), (208, 1)]"
138,videocam,"[(13, 1), (122, 1), (123, 1), (124, 1), (156, 1), (157, 1), (200, 2), (220, 2)]"
139,riduzion,"[(13, 1), (33, 1)]"
140,rumor,"[(13, 1), (33, 1), (34, 1), (57, 1), (58, 1), (59, 1), (131, 1), (134, 1)]"
141,plug,"[(13, 1), (19, 1)]"
142,amp,"[(13, 1)]"
143,play,"[(13, 1), (19, 1), (83, 1)]"
144,formazion,"[(13, 1)]"
145,onlin,"[(13, 1), (59, 1), (125, 1), (134, 1), (156, 1), (157, 1), (197, 1)]"
146,insegn,"[(13, 1), (59, 1), (93, 1)]"
147,aigoss,"[(14, 1)]"
148,clip,"[(14, 1), (49, 2), (200, 1)]"
149,regol,"[(14, 1), (24, 1), (35, 1), (64, 1), (67, 1), (68, 1), (69, 1), (72, 1), (75, 1), (76, 1), (77, 1), (96, 1), (122, 1), (123, 1), (124, 1), (130, 1), (132, 1), (147, 1), (156, 1), (157, 1), (185, 1), (188, 1), (192, 1), (197, 1), (199, 1), (200, 1), (210, 1)]"
150,registr,"[(14, 1), (67, 1), (122, 1), (123, 1), (124, 1), (125, 1), (154, 1), (155, 1), (200, 1), (205, 1), (206, 1), (207, 1), (220, 1)]"
151,gioc,"[(14, 1), (20, 1), (57, 1), (59, 1), (154, 2), (155, 2), (156, 1), (157, 1), (163, 1), (195, 1), (200, 1), (205, 1), (208, 3), (220, 2)]"
152,mou,"[(15, 3), (31, 3), (32, 3), (132, 2), (133, 2), (174, 3), (186, 1), (195, 2), (209, 4), (210, 5)]"
153,tappetin,"[(15, 2), (31, 2), (32, 2), (195, 1)]"
154,ailrinn,"[(15, 1)]"
155,poggiapol,"[(15, 1)]"
156,ergonom,"[(15, 1), (24, 1), (40, 1), (64, 1), (96, 1), (147, 1), (174, 1), (185, 1), (192, 1), (209, 1), (210, 1)]"
157,polso,"[(15, 1)]"
158,ba,"[(15, 1)]"
159,gomm,"[(15, 1)]"
160,pad,"[(15, 1), (31, 1), (32, 1), (195, 1)]"
161,marm,"[(15, 1)]"
162,alfheim,"[(16, 1)]"
163,bor,"[(16, 1), (41, 4), (42, 3), (93, 2), (95, 1), (121, 3), (152, 1), (153, 1), (212, 1), (219, 1)]"
164,spall,"[(16, 1)]"
165,impuntur,"[(16, 1)]"
166,casual,"[(16, 1)]"
167,premium,"[(16, 1), (203, 1)]"
168,fashion,"[(16, 1)]"
169,resist,"[(16, 1)]"
170,tess,"[(16, 1)]"
171,idrorepel,"[(16, 1)]"
172,oxford,"[(16, 1)]"
173,legger,"[(16, 1), (24, 1), (35, 1), (57, 1), (58, 1), (91, 1), (92, 1), (185, 1)]"
174,donn,"[(16, 1), (41, 1), (42, 1), (70, 1), (71, 1), (73, 1), (74, 1), (93, 1), (163, 1), (180, 1), (212, 1), (216, 1), (217, 1)]"
175,uom,"[(16, 1), (42, 1), (70, 1), (71, 1), (73, 1), (74, 1), (93, 1), (121, 1), (163, 1), (218, 1)]"
176,adatt,"[(16, 1), (65, 1), (66, 1), (69, 1), (130, 1), (192, 1), (196, 2)]"
177,pollic,"[(16, 1), (17, 1), (38, 1), (39, 1), (41, 1), (42, 1), (45, 1), (46, 1), (91, 1), (92, 1), (93, 1), (95, 1), (102, 1), (103, 1), (104, 1), (105, 1), (106, 1), (107, 1), (108, 1), (109, 1), (110, 1), (120, 1), (121, 1), (149, 1), (150, 1), (152, 2), (153, 1), (161, 1), (162, 1), (171, 1), (172, 1), (173, 1), (177, 1), (178, 1), (189, 1), (190, 1), (191, 1), (192, 1), (198, 1), (203, 1), (212, 1), (217, 1), (218, 1), (219, 1)]"
178,alldocub,"[(17, 1), (18, 1)]"
179,kbook,"[(17, 1)]"
180,lit,"[(17, 1)]"
181,scherm,"[(17, 1), (18, 1), (43, 2), (63, 1), (81, 1), (82, 1), (83, 1), (84, 1), (102, 1), (103, 1), (146, 1), (184, 1)]"
182,3000x2000,"[(17, 1)]"
183,apol,"[(17, 1), (54, 1)]"
184,lak,"[(17, 1), (47, 1), (54, 1)]"
185,n3350,"[(17, 1), (27, 1), (28, 1), (29, 1)]"
186,cpu,"[(17, 1), (18, 1), (23, 1), (85, 1), (86, 1), (88, 1), (90, 1), (129, 1), (158, 1), (159, 1), (160, 1), (170, 2), (176, 1)]"
187,128gb,"[(17, 1)]"
188,connettor,"[(17, 1), (65, 1), (66, 1), (101, 1)]"
189,tip,"[(17, 1), (98, 2)]"
190,neo,"[(18, 1)]"
191,4g,"[(18, 1), (37, 1), (46, 1), (162, 1), (209, 1), (210, 1)]"
192,tablet,"[(18, 1), (20, 1), (35, 1), (68, 1), (76, 1), (77, 1), (96, 1), (100, 2), (147, 1), (192, 1), (199, 1), (204, 1)]"
193,super,"[(18, 1), (58, 1), (141, 1)]"
194,amol,"[(18, 1)]"
195,risolu,"[(18, 1), (45, 1)]"
196,qualcomm,"[(18, 1)]"
197,snapdragon,"[(18, 1)]"
198,64gb,"[(18, 1), (37, 1), (127, 1), (175, 1)]"
199,android,"[(18, 1), (38, 1), (132, 1)]"
200,ricar,"[(18, 1), (132, 1), (164, 1), (165, 1), (181, 1), (198, 1), (209, 1), (212, 1)]"
201,rapid,"[(18, 1)]"
202,altoparl,"[(19, 2), (20, 3), (98, 1), (162, 1)]"
203,soundb,"[(19, 1)]"
204,aliment,"[(19, 1), (65, 2), (66, 2), (69, 1), (214, 1)]"
205,sound,"[(19, 1)]"
206,bar,"[(19, 1)]"
207,and,"[(19, 1), (75, 1), (127, 1)]"
208,archeer,"[(20, 1)]"
209,cass,"[(20, 1), (82, 1)]"
210,suon,"[(20, 1)]"
211,rgb,"[(20, 1), (174, 2), (195, 1)]"
212,mm,"[(20, 1), (34, 1), (146, 1)]"
213,amazonbas,"[(21, 1)]"
214,sleev,"[(21, 1), (42, 1), (95, 1), (153, 1)]"
215,profession,"[(21, 1), (23, 1), (87, 1), (88, 1)]"
216,manic,"[(21, 1)]"
217,retrattil,"[(21, 1)]"
218,blu,"[(21, 1), (49, 1), (70, 1), (71, 1), (73, 2), (74, 2), (98, 1), (126, 1), (153, 1), (163, 1), (173, 1), (175, 1)]"
219,ade,"[(22, 2), (97, 2)]"
220,anim,"[(22, 1)]"
221,pietypet,"[(22, 1)]"
222,pezz,"[(22, 1), (98, 1)]"
223,graff,"[(22, 1), (97, 1), (173, 1)]"
224,sticker,"[(22, 1), (97, 1)]"
225,vinil,"[(22, 1), (97, 1)]"
226,decalcoman,"[(22, 1)]"
227,aut,"[(22, 1), (97, 1), (214, 1)]"
228,mot,"[(22, 1), (97, 1)]"
229,bambin,"[(22, 1), (216, 1)]"
230,automobil,"[(22, 1)]"
231,biciclett,"[(22, 1), (94, 1), (97, 1), (179, 2), (213, 1)]"
232,autoad,"[(22, 1)]"
233,paraurt,"[(22, 1), (97, 1)]"
234,hipp,"[(22, 1)]"
235,decal,"[(22, 1), (97, 1)]"
236,imperm,"[(22, 1), (31, 1), (32, 1), (41, 1), (42, 1), (55, 1), (93, 1), (94, 1), (97, 1), (152, 1), (164, 1), (165, 1), (179, 1), (212, 1), (213, 1), (217, 1), (219, 1)]"
237,silent,"[(23, 2)]"
238,ankermann,"[(23, 1)]"
239,work,"[(23, 1)]"
240,multim,"[(23, 1)]"
241,lei,"[(23, 1)]"
242,2x,"[(23, 1), (128, 1)]"
243,16gb,"[(23, 1), (25, 1), (26, 1), (138, 1), (139, 1), (140, 1), (145, 1)]"
244,480gb,"[(23, 1), (166, 1)]"
245,offic,"[(23, 1), (58, 1), (81, 1), (84, 1), (158, 1), (159, 1), (160, 1), (171, 1)]"
246,scrivan,"[(24, 2), (78, 1), (184, 1), (201, 3)]"
247,aomo,"[(24, 1)]"
248,pieghevol,"[(24, 1), (64, 1), (68, 1), (75, 1), (76, 1), (77, 1), (130, 2), (187, 2), (188, 2), (192, 1), (199, 1)]"
249,vassoi,"[(24, 1)]"
250,ventil,"[(24, 1), (35, 1), (68, 1), (69, 1), (96, 1), (147, 1)]"
251,allumin,"[(24, 1), (29, 1), (35, 1), (64, 1), (68, 1), (76, 1), (77, 1), (96, 1), (120, 1), (136, 1), (137, 1), (147, 1), (185, 1), (198, 1)]"
252,appl,"[(25, 1), (26, 1)]"
253,macbook,"[(25, 1), (26, 1), (35, 1), (48, 2), (64, 1), (75, 1), (76, 1), (77, 1), (95, 3), (96, 1), (120, 3), (125, 1), (132, 1), (152, 1), (174, 1), (185, 1), (215, 1), (219, 1)]"
254,512gb,"[(25, 1), (26, 1), (115, 1), (138, 1), (144, 1), (145, 1), (160, 1)]"
255,memor,"[(25, 1), (26, 1), (91, 1), (92, 1)]"
256,magic,"[(25, 1), (26, 1)]"
257,keyboard,"[(25, 1), (26, 1)]"
258,ultim,"[(25, 1), (26, 1)]"
259,model,"[(25, 1), (26, 1)]"
260,asu,"[(27, 1), (28, 1), (29, 1), (30, 1), (120, 1)]"
261,c223na,"[(27, 1), (28, 1)]"
262,gj0067,"[(27, 1), (28, 1)]"
263,monitor,"[(27, 1), (28, 1), (29, 1), (40, 1), (60, 1), (61, 1), (70, 1), (71, 1), (149, 1), (150, 1), (173, 1), (184, 2), (186, 1), (196, 1), (198, 2)]"
264,anti,"[(27, 1), (28, 1), (29, 1), (49, 2), (73, 1), (74, 1), (163, 2), (173, 2)]"
265,glar,"[(27, 1), (28, 1), (29, 1)]"
266,lpddr4,"[(27, 1), (28, 1), (29, 1)]"
267,32g,"[(27, 1), (28, 1)]"
268,sistem,"[(27, 1), (28, 1), (29, 1), (83, 1), (104, 1), (105, 1), (106, 1), (107, 1), (196, 1)]"
269,oper,"[(27, 1), (28, 1), (29, 1), (83, 1), (104, 1), (105, 1), (106, 1), (107, 1)]"
270,grig,"[(27, 1), (28, 1), (93, 1), (98, 1), (101, 1), (211, 1)]"
271,c423na,"[(29, 1)]"
272,eb0287,"[(29, 1)]"
273,64g,"[(29, 1)]"
274,m509da,"[(30, 1)]"
275,ej025t,"[(30, 1)]"
276,sdram,"[(30, 1), (136, 1), (137, 1)]"
277,atailorbird,"[(31, 1), (32, 1)]"
278,220mm,"[(31, 1), (32, 1)]"
279,pell,"[(31, 1), (32, 1), (41, 1)]"
280,mousepad,"[(31, 1), (32, 1)]"
281,pu,"[(31, 1), (32, 1), (41, 1)]"
282,antiscivol,"[(31, 1), (32, 1), (210, 1)]"
283,tond,"[(31, 1), (32, 1)]"
284,superf,"[(31, 1), (32, 1), (43, 1)]"
285,lisc,"[(31, 1), (32, 1)]"
286,uffic,"[(31, 1), (32, 1), (34, 1), (56, 1), (78, 1), (164, 1), (184, 1), (197, 1), (201, 2), (214, 1), (217, 1)]"
287,doubl,"[(31, 1), (32, 1)]"
288,side,"[(31, 1), (32, 1)]"
289,ro,"[(31, 1), (32, 1), (38, 1), (84, 1), (95, 1), (204, 1)]"
290,porpor,"[(31, 1), (32, 1)]"
291,camer,"[(33, 2), (122, 1), (123, 1), (124, 1), (156, 1), (157, 1), (206, 1), (207, 1), (208, 1), (220, 1)]"
292,aukey,"[(33, 1)]"
293,web,"[(33, 1), (122, 2), (123, 2), (124, 2), (154, 1), (155, 1), (156, 2), (157, 2), (205, 1), (206, 2), (207, 2), (208, 1), (220, 1)]"
294,auricol,"[(34, 1), (148, 1)]"
295,telef,"[(34, 1), (148, 1), (216, 1)]"
296,cellul,"[(34, 1), (76, 1), (77, 1), (134, 1)]"
297,cancel,"[(34, 1), (57, 1), (58, 1), (59, 1), (131, 1), (134, 1)]"
298,control,"[(34, 1), (57, 1), (59, 1), (67, 1), (69, 1), (131, 1)]"
299,chiam,"[(34, 1)]"
300,cuff,"[(34, 1), (56, 2), (57, 4), (58, 2), (59, 3), (131, 3), (134, 2), (148, 2), (197, 3), (212, 1)]"
301,iphon,"[(34, 1), (132, 1)]"
302,samsung,"[(34, 1), (161, 1), (185, 1)]"
303,busi,"[(34, 1), (41, 1), (58, 1), (59, 1), (206, 1), (207, 1)]"
304,skype,"[(34, 1), (56, 1), (58, 1), (125, 1), (134, 1), (197, 1)]"
305,softphon,"[(34, 1), (58, 1), (59, 1)]"
306,call,"[(34, 1), (56, 2), (57, 1), (58, 1), (131, 1), (134, 1), (197, 1)]"
307,center,"[(34, 1), (56, 1), (57, 1), (58, 1), (131, 1), (134, 1), (197, 1)]"
308,babacom,"[(35, 1)]"
309,raffredd,"[(35, 1), (69, 1), (98, 1), (130, 1)]"
310,riser,"[(35, 1), (72, 1), (96, 1)]"
311,compat,"[(35, 1), (76, 1), (77, 1), (125, 1), (132, 1), (196, 1), (219, 1)]"
312,air,"[(35, 1), (48, 1), (64, 1), (75, 1), (76, 1), (77, 1), (95, 1), (96, 1), (120, 1), (152, 1), (185, 1), (215, 1)]"
313,huaw,"[(35, 1), (64, 1), (108, 2), (109, 2), (110, 2), (120, 1)]"
314,matebook,"[(35, 1), (64, 1), (108, 1), (109, 1), (110, 1)]"
315,d,"[(35, 1), (97, 1)]"
316,altri,"[(35, 1), (64, 1), (96, 1)]"
317,baieyu,"[(36, 1)]"
318,7820hk,"[(36, 1)]"
319,7820hq,"[(36, 1)]"
320,32gb,"[(36, 1), (116, 1), (166, 1)]"
321,with,"[(36, 1)]"
322,dp,"[(36, 1), (128, 1)]"
323,gigabit,"[(36, 1)]"
324,beelink,"[(37, 1)]"
325,bt3,"[(37, 1)]"
326,ii,"[(37, 1)]"
327,atom,"[(37, 1)]"
328,x5,"[(37, 1)]"
329,z8350,"[(37, 1)]"
330,1000mbp,"[(37, 1)]"
331,8g,"[(37, 1), (127, 1), (162, 1)]"
332,output,"[(37, 1)]"
333,bigmac,"[(38, 1)]"
334,netbook,"[(38, 1)]"
335,netflix,"[(38, 1)]"
336,youtub,"[(38, 1), (67, 1), (149, 1), (150, 1)]"
337,googl,"[(38, 1), (83, 1), (197, 1)]"
338,flash,"[(38, 1)]"
339,ultra,"[(38, 1), (57, 1), (58, 1), (63, 1), (181, 1)]"
340,sottil,"[(38, 1), (42, 1), (181, 1)]"
341,bmax,"[(39, 1), (177, 1), (178, 1)]"
342,y13,"[(39, 1), (211, 1)]"
343,power,"[(39, 1)]"
344,touchscreen,"[(39, 1), (177, 1), (178, 1)]"
345,m7,"[(39, 1)]"
346,6y75,"[(39, 1)]"
347,4ghz,"[(39, 1), (159, 1)]"
348,5ghz,"[(39, 1), (126, 1)]"
349,bontec,"[(40, 1)]"
350,legn,"[(40, 1), (78, 1)]"
351,smartphon,"[(40, 1), (43, 1)]"
352,gestion,"[(40, 1)]"
353,cav,"[(40, 1), (98, 1), (186, 1), (215, 1)]"
354,imac,"[(40, 1), (48, 1)]"
355,confezion,"[(40, 1)]"
356,tracol,"[(41, 1), (42, 1), (121, 1)]"
357,grand,"[(41, 1), (94, 1), (99, 1)]"
358,tot,"[(41, 1)]"
359,lavor,"[(41, 1), (42, 1), (93, 1), (164, 1), (217, 1), (220, 1)]"
360,shopper,"[(41, 1)]"
361,viol,"[(41, 1), (133, 1)]"
362,scur,"[(41, 1)]"
363,viagg,"[(42, 1), (93, 1), (164, 1), (212, 2), (217, 1)]"
364,ner,"[(42, 1), (52, 1), (53, 1), (60, 1), (61, 1), (63, 1), (69, 1), (73, 1), (74, 1), (75, 1), (81, 1), (91, 1), (92, 1), (135, 1), (136, 1), (137, 1), (141, 1), (152, 1), (198, 1), (208, 1), (212, 1), (214, 1), (219, 1)]"
365,1x,"[(43, 3)]"
366,dopp,"[(43, 2), (128, 1), (162, 1)]"
367,camkix,"[(43, 1)]"
368,kit,"[(43, 1), (101, 1)]"
369,puliz,"[(43, 1), (214, 1)]"
370,includ,"[(43, 1)]"
371,pann,"[(43, 1)]"
372,lat,"[(43, 1)]"
373,spazzol,"[(43, 1)]"
374,funzion,"[(43, 1), (94, 1), (100, 1), (165, 1)]"
375,30ml,"[(43, 1)]"
376,spray,"[(43, 1)]"
377,deterg,"[(43, 1)]"
378,orolog,"[(43, 1)]"
379,elettron,"[(43, 1)]"
380,co,"[(44, 1)]"
381,vogl,"[(44, 1)]"
382,algoritm,"[(44, 1)]"
383,immagin,"[(44, 1)]"
384,chuw,"[(45, 1), (46, 1), (47, 1)]"
385,corebook,"[(45, 1), (46, 1)]"
386,6157u,"[(45, 1), (46, 1)]"
387,2160x1440,"[(45, 1)]"
388,winddow,"[(45, 1)]"
389,2w,"[(45, 1)]"
390,batter,"[(45, 1), (104, 1), (105, 1), (106, 1), (107, 1), (214, 1)]"
391,ultrabook,"[(46, 1), (47, 1), (90, 1), (172, 1)]"
392,fin,"[(46, 1), (47, 1), (85, 1), (86, 1), (87, 1), (128, 1), (159, 1), (173, 1), (185, 1), (198, 1)]"
393,type,"[(46, 1)]"
394,herobook,"[(47, 1)]"
395,gemin,"[(47, 1)]"
396,38wh,"[(47, 1)]"
397,cover,"[(48, 2), (100, 3), (122, 1), (123, 1), (124, 1), (206, 1), (207, 1)]"
398,cloudvalley,"[(48, 1)]"
399,pack,"[(48, 1), (72, 1), (97, 1)]"
400,aggiorn,"[(48, 1), (128, 1)]"
401,scorrevol,"[(48, 1)]"
402,orizzont,"[(48, 1)]"
403,ipad,"[(48, 1), (68, 1), (76, 1), (77, 1), (96, 1), (132, 1)]"
404,prvaci,"[(48, 1)]"
405,color,"[(48, 1), (195, 1), (198, 1)]"
406,bianc,"[(48, 1)]"
407,uv,"[(49, 2), (73, 1), (74, 1), (173, 1)]"
408,on,"[(49, 1), (56, 1), (148, 1)]"
409,univers,"[(49, 1)]"
410,tv,"[(49, 1), (69, 1), (196, 1)]"
411,relax,"[(49, 1)]"
412,comfort,"[(49, 1)]"
413,vi,"[(49, 1)]"
414,sal,"[(49, 1)]"
415,occhi,"[(49, 1)]"
416,filtromonitor,"[(49, 1)]"
417,block,"[(49, 1)]"
418,luc,"[(49, 1), (70, 1), (71, 1), (73, 1), (74, 1), (122, 1), (123, 1), (124, 1), (149, 1), (150, 1), (154, 1), (155, 1), (156, 1), (157, 1), (163, 1), (173, 1), (195, 1)]"
419,len,"[(49, 1)]"
420,vide,"[(50, 1), (196, 1)]"
421,dedic,"[(50, 1)]"
422,licenz,"[(50, 1), (166, 1), (169, 1)]"
423,origin,"[(50, 1)]"
424,microsoft,"[(50, 1), (100, 1), (126, 1), (171, 1)]"
425,masterizz,"[(50, 1), (170, 1)]"
426,dvd,"[(50, 1), (51, 1), (85, 1), (86, 1), (87, 1), (88, 1), (98, 1), (159, 1), (161, 1), (167, 1), (168, 1), (169, 1)]"
427,hp,"[(51, 1), (75, 1), (76, 1), (77, 1), (81, 1), (82, 1), (83, 1), (84, 1), (85, 1), (86, 1), (87, 3), (88, 3), (89, 1), (90, 1), (120, 1), (153, 1), (159, 1), (171, 1), (175, 1)]"
428,elit,"[(51, 1)]"
429,250gb,"[(51, 1)]"
430,ricondizion,"[(51, 1), (62, 1), (89, 1), (118, 1), (161, 1), (167, 1), (168, 1)]"
431,1005g1,"[(52, 1), (53, 1), (113, 1), (114, 1), (115, 1), (117, 1)]"
432,mat,"[(52, 1), (53, 1)]"
433,win10,"[(52, 1), (53, 1), (85, 1), (86, 1), (160, 1), (176, 1)]"
434,modal,"[(52, 1), (53, 1), (174, 1)]"
435,franc,"[(52, 1), (53, 1)]"
436,azerti,"[(52, 1), (53, 1), (171, 1)]"
437,tecla,"[(54, 1)]"
438,f7,"[(54, 1)]"
439,1920x1080,"[(54, 1), (113, 1), (114, 1), (115, 1), (172, 1), (189, 1), (190, 1), (191, 1)]"
440,bic,"[(55, 5), (94, 2), (99, 2), (165, 3), (179, 2), (213, 1)]"
441,contachilometr,"[(55, 2), (94, 1), (99, 1), (179, 1)]"
442,senz,"[(55, 2), (99, 1), (210, 2), (214, 1), (216, 2)]"
443,fil,"[(55, 2), (99, 1), (210, 2), (214, 1)]"
444,ciclocomput,"[(55, 1), (99, 1), (213, 1)]"
445,mtb,"[(55, 1), (213, 1)]"
446,ampi,"[(55, 1)]"
447,tachimetr,"[(55, 1), (99, 1), (165, 1), (179, 2), (213, 1)]"
448,cont,"[(55, 1)]"
449,km,"[(55, 1)]"
450,retroillumin,"[(55, 1), (99, 1), (162, 1), (165, 1), (179, 1), (211, 1)]"
451,cabl,"[(56, 1), (57, 1), (59, 1), (197, 1)]"
452,antirumor,"[(56, 1)]"
453,cuffiett,"[(56, 1)]"
454,ear,"[(56, 1)]"
455,chat,"[(56, 1), (125, 1), (197, 1)]"
456,conferenc,"[(56, 1)]"
457,volum,"[(57, 1), (67, 1), (197, 1)]"
458,confortevol,"[(57, 1), (58, 1)]"
459,comand,"[(58, 1)]"
460,aud,"[(58, 1), (59, 1), (82, 1), (131, 1), (134, 1), (196, 1)]"
461,uc,"[(58, 1)]"
462,lync,"[(58, 1)]"
463,voc,"[(58, 1), (134, 1)]"
464,chiar,"[(58, 1), (134, 1)]"
465,legg,"[(59, 1), (134, 1)]"
466,conver,"[(59, 1)]"
467,s2419nx,"[(60, 1), (61, 1)]"
468,ms,"[(60, 1), (61, 1), (175, 1)]"
469,respon,"[(60, 1), (61, 1)]"
470,tim,"[(60, 1), (61, 1)]"
471,optiplex,"[(62, 1)]"
472,sff,"[(62, 1), (167, 1), (168, 1)]"
473,6400t,"[(62, 1)]"
474,s8gb,"[(62, 1)]"
475,500gb,"[(62, 1), (159, 1), (161, 1), (167, 1), (168, 1)]"
476,win10pr,"[(62, 1)]"
477,certif,"[(62, 1), (89, 1)]"
478,xp,"[(63, 1), (64, 1), (75, 1), (76, 1), (77, 1), (120, 1), (196, 1), (215, 1)]"
479,infinityedg,"[(63, 1)]"
480,touc,"[(63, 1), (83, 1), (117, 1), (126, 1), (146, 1), (172, 1), (211, 1)]"
481,dodocool,"[(64, 1)]"
482,angol,"[(64, 1), (68, 1), (75, 1), (78, 1), (199, 1)]"
483,stand,"[(64, 1), (100, 1), (120, 1)]"
484,caric,"[(65, 2), (66, 2), (217, 1)]"
485,dtk,"[(65, 1), (66, 1)]"
486,19v,"[(65, 1), (66, 1)]"
487,74a,"[(65, 1), (66, 1)]"
488,90w,"[(65, 1), (66, 1)]"
489,caricabatt,"[(65, 1), (66, 1)]"
490,7mm,"[(65, 1), (66, 1)]"
491,eivotor,"[(67, 1)]"
492,conden,"[(67, 1)]"
493,omnidirezion,"[(67, 1)]"
494,vocal,"[(67, 1)]"
495,mac,"[(67, 1), (122, 1), (123, 1), (124, 1), (132, 1), (133, 1), (154, 1), (155, 1), (156, 1), (157, 1), (209, 1), (210, 1), (215, 1)]"
496,podcast,"[(67, 1)]"
497,elekin,"[(68, 1)]"
498,livel,"[(68, 1), (174, 1), (184, 1), (199, 1), (210, 1)]"
499,eluteng,"[(69, 1)]"
500,ventol,"[(69, 1)]"
501,80mm,"[(69, 1)]"
502,veloc,"[(69, 1), (94, 1), (99, 1), (195, 1), (215, 1)]"
503,dc,"[(69, 1)]"
504,12v,"[(69, 1)]"
505,1a,"[(69, 1)]"
506,8cm,"[(69, 1)]"
507,fan,"[(69, 1)]"
508,playstat,"[(69, 1)]"
509,ps4,"[(69, 1)]"
510,ps3,"[(69, 1)]"
511,xbox,"[(69, 1)]"
512,box,"[(69, 1)]"
513,cabinet,"[(69, 1)]"
514,av,"[(69, 1)]"
515,occhial,"[(70, 2), (71, 2), (73, 1), (74, 1), (163, 4)]"
516,firmo,"[(70, 1), (71, 1)]"
517,ripo,"[(70, 1), (71, 1)]"
518,bloccant,"[(70, 1), (71, 1)]"
519,mal,"[(70, 1), (71, 1)]"
520,test,"[(70, 1), (71, 1), (173, 1)]"
521,antirifless,"[(70, 1), (71, 1), (73, 1), (81, 1), (84, 1), (173, 1), (211, 1)]"
522,tartarug,"[(70, 1), (71, 1)]"
523,fituey,"[(72, 1)]"
524,mon,"[(72, 1)]"
525,vetr,"[(72, 1)]"
526,traspar,"[(72, 1)]"
527,altezz,"[(72, 1), (199, 1)]"
528,5x24x7,"[(72, 1)]"
529,6cm,"[(72, 1)]"
530,dt103803gc,"[(72, 1)]"
531,gimduma,"[(73, 1), (74, 1)]"
532,filtr,"[(73, 1), (74, 1), (163, 1), (173, 1), (203, 1)]"
533,gi799,"[(73, 1)]"
534,gi766,"[(74, 1)]"
535,gozheec,"[(75, 1)]"
536,lenov,"[(75, 1), (76, 1), (77, 1), (111, 1), (112, 1), (113, 1), (114, 1), (115, 1), (116, 1), (117, 2), (118, 1), (120, 1), (153, 2), (160, 1), (176, 1)]"
537,other,"[(75, 1)]"
538,hapaw,"[(76, 1), (77, 1)]"
539,level,"[(76, 1), (77, 1), (144, 1)]"
540,homcom,"[(78, 1)]"
541,rip,"[(78, 1)]"
542,cassett,"[(78, 1)]"
543,ripian,"[(78, 1)]"
544,camerett,"[(78, 1)]"
545,honor,"[(79, 1), (80, 1)]"
546,magicbook,"[(79, 1), (80, 1)]"
547,mystic,"[(79, 1), (80, 1)]"
548,3500u,"[(79, 1), (80, 1), (108, 1), (109, 1), (110, 1)]"
549,radeon,"[(79, 1), (80, 1), (82, 1), (87, 1), (88, 1)]"
550,veg,"[(79, 1), (80, 1)]"
551,ds0014nl,"[(81, 1)]"
552,a4,"[(81, 1), (84, 1), (88, 1), (171, 1), (175, 1)]"
553,9120e,"[(81, 1), (84, 1), (175, 1)]"
554,sva,"[(81, 1), (84, 1), (175, 1)]"
555,inclu,"[(81, 1), (84, 1)]"
556,anno,"[(81, 1), (84, 1)]"
557,rj45,"[(81, 1), (84, 1), (146, 1)]"
558,dp0009nl,"[(82, 1)]"
559,4300u,"[(82, 1)]"
560,rj,"[(82, 1)]"
561,lettor,"[(82, 1), (98, 1), (162, 1), (170, 1)]"
562,micr,"[(82, 1)]"
563,sd,"[(82, 1)]"
564,14b,"[(83, 1)]"
565,ca0000nl,"[(83, 1)]"
566,convert,"[(83, 1), (117, 1), (172, 1), (177, 1), (178, 1), (196, 1), (211, 1)]"
567,stor,"[(83, 1)]"
568,bang,"[(83, 1)]"
569,olufsen,"[(83, 1)]"
570,ds0016nl,"[(84, 1)]"
571,g7,"[(85, 1), (86, 1), (87, 1), (88, 1), (159, 1)]"
572,gen,"[(85, 1), (86, 1), (113, 1), (114, 1), (115, 1), (176, 1)]"
573,bt,"[(85, 1), (86, 1), (90, 1), (129, 1), (160, 1), (176, 1)]"
574,cd,"[(85, 1), (86, 1), (87, 1), (88, 1)]"
575,pront,"[(85, 1), (86, 1), (90, 1), (160, 1), (176, 1)]"
576,uso,"[(85, 1), (86, 1), (90, 1), (160, 1), (176, 1)]"
577,garanz,"[(85, 1), (86, 1), (90, 1), (138, 1), (139, 1), (140, 1), (143, 1), (144, 1), (145, 1)]"
578,ital,"[(85, 1), (86, 1), (139, 1), (140, 1), (143, 1), (160, 1), (176, 1)]"
579,60ghz,"[(87, 1)]"
580,r3,"[(87, 1), (88, 1)]"
581,rw,"[(87, 1), (88, 1), (159, 1), (167, 1), (168, 1)]"
582,prodesk,"[(89, 1)]"
583,g2,"[(89, 1)]"
584,dm,"[(89, 1)]"
585,tini,"[(89, 1), (118, 1)]"
586,g3900t,"[(89, 1)]"
587,sest,"[(89, 1)]"
588,gener,"[(89, 1), (126, 1), (135, 1), (136, 1), (137, 1), (193, 1)]"
589,ser,"[(90, 1)]"
590,ultralegg,"[(90, 1)]"
591,kg,"[(90, 1)]"
592,1035g,"[(90, 1)]"
593,10gen,"[(90, 1), (160, 1)]"
594,italian,"[(90, 1), (144, 1)]"
595,entweg,"[(91, 1), (92, 1)]"
596,f142,"[(91, 1), (92, 1)]"
597,atomx5,"[(91, 1), (92, 1)]"
598,z8300,"[(91, 1), (92, 1)]"
599,quadcor,"[(91, 1), (92, 1)]"
600,ddr3,"[(91, 1), (92, 1), (104, 1), (105, 1), (106, 1), (107, 1)]"
601,spin,"[(91, 1), (92, 1), (208, 1)]"
602,ue,"[(91, 1), (92, 1)]"
603,inateck,"[(93, 1)]"
604,messeng,"[(93, 1), (121, 1)]"
605,univ,"[(93, 1), (173, 1), (217, 1)]"
606,scuol,"[(93, 1), (184, 1), (212, 1), (217, 1), (218, 1)]"
607,iregr,"[(94, 1)]"
608,digit,"[(94, 1), (117, 1), (162, 1)]"
609,riconosc,"[(94, 1)]"
610,distanz,"[(94, 1), (99, 1), (179, 1)]"
611,attual,"[(94, 1)]"
612,temp,"[(94, 1), (99, 1), (179, 1), (218, 1)]"
613,real,"[(94, 1)]"
614,ivenca,"[(95, 1)]"
615,neopren,"[(95, 1)]"
616,custod,"[(95, 1), (100, 1), (152, 3), (153, 1), (162, 1), (219, 1)]"
617,involucr,"[(95, 1)]"
618,ca,"[(95, 1), (152, 1), (184, 1), (214, 1), (220, 1)]"
619,retin,"[(95, 1)]"
620,ivso,"[(96, 1)]"
621,jackifi,"[(97, 1)]"
622,100pc,"[(97, 1)]"
623,skateboard,"[(97, 1)]"
624,bottigl,"[(97, 1)]"
625,acqua,"[(97, 1)]"
626,bagagl,"[(97, 1)]"
627,valig,"[(97, 1)]"
628,bomb,"[(97, 1)]"
629,masc,"[(98, 2)]"
630,jsaux,"[(98, 1)]"
631,5gbp,"[(98, 1)]"
632,1m,"[(98, 1), (215, 1)]"
633,2m,"[(98, 1)]"
634,disc,"[(98, 1)]"
635,rigid,"[(98, 1)]"
636,ray,"[(98, 1)]"
637,wd,"[(98, 1)]"
638,my,"[(98, 1)]"
639,cloud,"[(98, 1)]"
640,ecc,"[(98, 1), (134, 1), (197, 1)]"
641,kastewil,"[(99, 1)]"
642,multifunzion,"[(99, 1), (179, 1)]"
643,surfac,"[(100, 3), (126, 1), (219, 1)]"
644,katum,"[(100, 1)]"
645,flip,"[(100, 1)]"
646,protett,"[(100, 1), (153, 1)]"
647,vie,"[(101, 1)]"
648,bodi,"[(101, 1)]"
649,pand,"[(101, 1)]"
650,complet,"[(101, 1), (169, 1), (170, 1)]"
651,kuu,"[(102, 1), (103, 1)]"
652,xbook,"[(102, 1), (103, 1)]"
653,j4115,"[(102, 1), (103, 1)]"
654,ultrasottil,"[(102, 1), (103, 1), (189, 1), (190, 1), (191, 1), (215, 1)]"
655,cornic,"[(102, 1), (103, 1)]"
656,strett,"[(102, 1), (103, 1)]"
657,mah,"[(104, 1), (105, 1), (106, 1), (107, 1)]"
658,preinstal,"[(104, 1), (105, 1), (106, 1), (107, 1)]"
659,j3455,"[(107, 1)]"
660,fullview,"[(108, 1), (109, 1), (110, 1)]"
661,mult,"[(108, 1), (109, 1), (110, 1)]"
662,screen,"[(108, 1), (109, 1), (110, 1), (126, 1), (172, 1), (173, 1)]"
663,collabor,"[(108, 1), (109, 1), (110, 1)]"
664,fingerprint,"[(108, 1), (109, 1), (110, 1), (117, 1), (145, 1)]"
665,unlock,"[(108, 1), (109, 1), (110, 1)]"
666,spac,"[(108, 1), (109, 1), (110, 1), (183, 1)]"
667,grey,"[(108, 1), (109, 1), (110, 1), (111, 1), (112, 1), (117, 1)]"
668,s345,"[(111, 1), (112, 1)]"
669,tn,"[(111, 1), (112, 1)]"
670,a6,"[(111, 1), (112, 1)]"
671,9220c,"[(111, 1), (112, 1)]"
672,miner,"[(111, 1), (112, 1)]"
673,ideapad,"[(113, 1), (114, 1), (115, 1), (116, 1), (117, 1)]"
674,10th,"[(113, 1), (114, 1), (115, 1), (176, 1)]"
675,20gb,"[(113, 1)]"
676,myrtix,"[(115, 1)]"
677,hub,"[(115, 1), (186, 1), (215, 2)]"
678,onyx,"[(116, 1), (144, 1)]"
679,black,"[(116, 1), (131, 1), (144, 1)]"
680,flex,"[(117, 1), (146, 1)]"
681,pen,"[(117, 1)]"
682,platinum,"[(117, 1)]"
683,thinkcentr,"[(118, 1)]"
684,m93p,"[(118, 1)]"
685,usdt,"[(118, 1)]"
686,4590t,"[(118, 1)]"
687,logilink,"[(119, 1)]"
688,lucchett,"[(119, 1)]"
689,antifurt,"[(119, 1), (164, 1), (212, 1)]"
690,long,"[(120, 1)]"
691,tel,"[(121, 2)]"
692,sacchett,"[(121, 2)]"
693,losmil,"[(121, 1)]"
694,messagg,"[(121, 1)]"
695,bag,"[(121, 1)]"
696,caff,"[(121, 1)]"
697,mhdyt,"[(122, 1), (123, 1), (124, 1)]"
698,cam,"[(122, 1), (123, 1), (124, 1), (154, 1), (155, 1), (156, 1), (157, 1), (206, 1), (207, 1)]"
699,anel,"[(122, 1), (123, 1), (124, 1), (154, 1), (155, 1), (156, 1), (157, 1)]"
700,privaci,"[(122, 1), (123, 1), (124, 1), (203, 1), (205, 1), (206, 1), (207, 1)]"
701,autofocu,"[(122, 1), (123, 1), (124, 1), (156, 1), (157, 1), (206, 1), (207, 1)]"
702,larmtek,"[(125, 1)]"
703,aziend,"[(125, 1), (131, 1)]"
704,class,"[(125, 1), (148, 1)]"
705,pulsant,"[(125, 1), (174, 1), (209, 1), (210, 1)]"
706,mut,"[(125, 1)]"
707,indic,"[(125, 1)]"
708,7660u,"[(126, 1)]"
709,settim,"[(126, 1), (135, 1)]"
710,1504pixel,"[(126, 1)]"
711,fanless,"[(127, 1)]"
712,up,"[(127, 1)]"
713,to,"[(127, 1)]"
714,6ghz,"[(127, 1), (158, 1)]"
715,ddr,"[(127, 1), (129, 1), (169, 1)]"
716,bt4,"[(127, 1), (177, 1), (178, 1)]"
717,3xusb3,"[(127, 1)]"
718,linux,"[(127, 1), (132, 1)]"
719,ngff,"[(127, 1)]"
720,5257u,"[(128, 1)]"
721,j3710,"[(129, 1)]"
722,band,"[(129, 1), (162, 1)]"
723,g,"[(129, 1), (213, 1)]"
724,tavol,"[(130, 2), (184, 1), (187, 3), (188, 4), (201, 1), (214, 1)]"
725,mksutari,"[(130, 1)]"
726,tavolin,"[(130, 1), (188, 1)]"
727,for,"[(130, 1)]"
728,lett,"[(130, 1), (188, 2)]"
729,sof,"[(130, 1)]"
730,monon,"[(131, 1)]"
731,io,"[(132, 1)]"
732,success,"[(132, 1)]"
733,silenz,"[(132, 1), (133, 1)]"
734,3dpi,"[(132, 1)]"
735,bluetooth4,"[(132, 1)]"
736,jelli,"[(133, 1)]"
737,comb,"[(133, 1)]"
738,preci,"[(133, 1)]"
739,top,"[(133, 1)]"
740,mpow,"[(134, 1)]"
741,5mm,"[(134, 1), (148, 1)]"
742,fa,"[(134, 1)]"
743,cristallion,"[(134, 1)]"
744,perfett,"[(134, 1)]"
745,gam,"[(134, 1)]"
746,msi,"[(135, 1), (136, 1), (137, 1), (138, 1), (139, 1), (140, 1), (141, 1), (142, 1), (143, 1), (144, 1), (145, 1), (146, 1)]"
747,ge73,"[(135, 1)]"
748,7rd,"[(135, 1)]"
749,raider,"[(135, 1)]"
750,006de,"[(135, 1)]"
751,8ghz,"[(135, 1)]"
752,7700hq,"[(135, 1)]"
753,1080pixel,"[(135, 1)]"
754,gs75,"[(136, 1), (137, 1)]"
755,10sf,"[(136, 1), (137, 1)]"
756,stealth,"[(136, 1), (137, 1), (139, 1), (140, 1)]"
757,oro,"[(136, 1), (137, 1)]"
758,i9,"[(136, 1), (137, 1)]"
759,decim,"[(136, 1), (137, 1)]"
760,rtx,"[(136, 1), (137, 1), (139, 1), (140, 1)]"
761,gf63,"[(138, 1)]"
762,thin,"[(138, 1)]"
763,10scsr,"[(138, 1)]"
764,1041xit,"[(138, 1)]"
765,144hz,"[(138, 1)]"
766,10750h,"[(138, 1)]"
767,gtx1650,"[(138, 1)]"
768,max,"[(138, 1)]"
769,q,"[(138, 1)]"
770,gddr6,"[(138, 1), (139, 1), (140, 1)]"
771,2666mhz,"[(138, 1), (142, 1), (143, 1), (144, 1)]"
772,3x4,"[(138, 1), (139, 1), (140, 1)]"
773,no,"[(138, 1), (142, 1), (143, 1), (173, 1)]"
774,layout,"[(138, 1), (139, 1), (140, 1), (143, 1), (144, 1), (145, 1)]"
775,ita,"[(138, 1), (145, 1)]"
776,gs66,"[(139, 1), (140, 1)]"
777,10se,"[(139, 1), (140, 1)]"
778,415it,"[(139, 1), (140, 1)]"
779,300hz,"[(139, 1), (140, 1)]"
780,10875h,"[(139, 1), (140, 1)]"
781,ddriv,"[(139, 1), (140, 1)]"
782,3200mhz,"[(139, 1), (140, 1)]"
783,6gb,"[(139, 1), (140, 1)]"
784,infin,"[(141, 1)]"
785,9si,"[(141, 1)]"
786,1008ib,"[(141, 1)]"
787,9400f,"[(141, 1)]"
788,aer,"[(141, 1)]"
789,itx,"[(141, 1)]"
790,oc,"[(141, 1)]"
791,modern,"[(142, 1), (143, 1), (144, 1), (201, 1)]"
792,a10m,"[(142, 1), (143, 1), (144, 1)]"
793,1067xit,"[(142, 1)]"
794,10510u,"[(142, 1)]"
795,1068xit,"[(143, 1)]"
796,10210u,"[(143, 1), (144, 1)]"
797,275it,"[(144, 1)]"
798,uma,"[(144, 1), (175, 1)]"
799,brushlin,"[(144, 1)]"
800,prestig,"[(145, 1)]"
801,evo,"[(145, 1)]"
802,a11m,"[(145, 1)]"
803,014it,"[(145, 1)]"
804,1185g7,"[(145, 1)]"
805,reader,"[(145, 1)]"
806,8gl,"[(146, 1)]"
807,054eu,"[(146, 1)]"
808,seri,"[(146, 1)]"
809,com,"[(146, 1)]"
810,ve,"[(146, 1)]"
811,std,"[(146, 1)]"
812,mxbold,"[(147, 1)]"
813,nakw88,"[(148, 1)]"
814,integr,"[(148, 1), (206, 1), (207, 1)]"
815,unidirezion,"[(148, 1)]"
816,lin,"[(148, 1)]"
817,meet,"[(148, 1)]"
818,neewer,"[(149, 1), (150, 1)]"
819,anul,"[(149, 1), (150, 1)]"
820,morsett,"[(149, 1), (150, 1)]"
821,riunion,"[(149, 1), (150, 1)]"
822,zoom,"[(149, 1), (150, 1)]"
823,self,"[(149, 1), (150, 1)]"
824,broadcast,"[(149, 1), (150, 1)]"
825,tiktok,"[(149, 1), (150, 1)]"
826,trucc,"[(149, 1), (150, 1)]"
827,grad,"[(149, 1), (150, 1), (161, 1)]"
828,girevol,"[(149, 1), (150, 1)]"
829,ret,"[(151, 1)]"
830,serial,"[(151, 1), (169, 1)]"
831,killer,"[(151, 1)]"
832,newhey,"[(152, 1)]"
833,antiurt,"[(152, 1)]"
834,piccol,"[(152, 1)]"
835,t490,"[(153, 2)]"
836,nido,"[(153, 1)]"
837,s330,"[(153, 1)]"
838,thinkpad,"[(153, 1)]"
839,e490,"[(153, 1)]"
840,t590,"[(153, 1)]"
841,probook,"[(153, 1)]"
842,g4,"[(153, 1)]"
843,swift,"[(153, 1)]"
844,niyp,"[(154, 1), (155, 1), (156, 1), (157, 1)]"
845,lezion,"[(156, 1), (157, 1)]"
846,8265u,"[(158, 1)]"
847,9ghz,"[(158, 1)]"
848,svga,"[(158, 1)]"
849,open,"[(158, 1), (159, 1)]"
850,8130u,"[(159, 1)]"
851,m2,"[(159, 1), (160, 1)]"
852,libr,"[(160, 1)]"
853,gar,"[(160, 1), (176, 1)]"
854,anni,"[(160, 1)]"
855,np600,"[(161, 1)]"
856,2520m,"[(161, 1)]"
857,50ghz,"[(161, 1)]"
858,impront,"[(162, 1)]"
859,windows10,"[(162, 1)]"
860,metal,"[(162, 1), (172, 1), (177, 1), (178, 1), (198, 1)]"
861,512g,"[(162, 1)]"
862,baglior,"[(163, 1)]"
863,affat,"[(163, 1)]"
864,blocc,"[(163, 1)]"
865,vist,"[(163, 1), (196, 1), (215, 1)]"
866,zain,"[(164, 2), (212, 2), (217, 4), (218, 3)]"
867,orkney,"[(164, 1)]"
868,unisex,"[(164, 1)]"
869,ideal,"[(164, 1)]"
870,osalo,"[(165, 1)]"
871,nuov,"[(165, 1)]"
872,opzion,"[(165, 1)]"
873,lingu,"[(165, 1)]"
874,ipx6,"[(165, 1)]"
875,agm,"[(166, 1)]"
876,gt1030,"[(166, 1)]"
877,2gb,"[(166, 1)]"
878,hard,"[(166, 1)]"
879,disk,"[(166, 1)]"
880,20ghz,"[(167, 1), (168, 1)]"
881,talloncin,"[(169, 1)]"
882,hd1tb,"[(169, 1)]"
883,assembl,"[(169, 1), (170, 1)]"
884,70ghz,"[(170, 1)]"
885,turb,"[(170, 1)]"
886,go,"[(171, 2)]"
887,ds0008nf,"[(171, 1), (175, 1)]"
888,ultraportatil,"[(171, 1)]"
889,bleu,"[(171, 1)]"
890,personnel,"[(171, 1)]"
891,an,"[(171, 1)]"
892,teclast,"[(172, 1), (189, 1), (190, 1), (191, 1)]"
893,f5,"[(172, 1), (189, 1), (190, 1), (191, 1)]"
894,n4100,"[(172, 1), (189, 1), (190, 1), (191, 1)]"
895,total,"[(172, 1), (177, 1), (178, 1)]"
896,pellicol,"[(173, 1), (203, 1)]"
897,torin,"[(173, 1)]"
898,boll,"[(173, 1)]"
899,massim,"[(173, 1)]"
900,traspart,"[(173, 1)]"
901,pictek,"[(174, 1)]"
902,dpi,"[(174, 1), (209, 1), (210, 1)]"
903,programm,"[(174, 1)]"
904,illumin,"[(174, 1), (189, 1), (190, 1), (191, 1)]"
905,personalizz,"[(174, 1)]"
906,w10h,"[(175, 1)]"
907,1v2l8e,"[(175, 1)]"
908,abf,"[(175, 1)]"
909,thinkbook,"[(176, 1)]"
910,antiviru,"[(176, 1)]"
911,y11,"[(177, 1), (178, 1)]"
912,n4120,"[(177, 1), (178, 1)]"
913,qomol,"[(179, 1)]"
914,rehomi,"[(180, 1)]"
915,guant,"[(180, 1)]"
916,riscald,"[(180, 1), (216, 1)]"
917,uomin,"[(180, 1), (212, 1)]"
918,invern,"[(180, 1)]"
919,cald,"[(180, 1)]"
920,pien,"[(180, 1)]"
921,dit,"[(180, 1), (216, 2)]"
922,intern,"[(180, 1), (216, 1)]"
923,estern,"[(180, 1)]"
924,seend,"[(181, 1)]"
925,singular,"[(182, 1)]"
926,valley,"[(183, 1)]"
927,sumgott,"[(184, 1)]"
928,mensol,"[(184, 1)]"
929,organ,"[(184, 1)]"
930,comod,"[(185, 1)]"
931,switc,"[(186, 1)]"
932,kvm,"[(186, 1)]"
933,commut,"[(186, 1)]"
934,condivis,"[(186, 1)]"
935,colleg,"[(186, 1)]"
936,div,"[(187, 2), (188, 1)]"
937,gamb,"[(187, 1)]"
938,fessur,"[(187, 1), (188, 1)]"
939,tazz,"[(187, 1), (188, 1)]"
940,llett,"[(187, 1), (188, 1)]"
941,pav,"[(187, 1), (188, 1)]"
942,30cm,"[(187, 1)]"
943,colazion,"[(188, 1)]"
944,rever,"[(189, 1), (190, 1), (191, 1)]"
945,tendak,"[(192, 1)]"
946,staff,"[(192, 1)]"
947,design,"[(192, 1)]"
948,the,"[(193, 1), (194, 1)]"
949,commodor,"[(193, 1)]"
950,war,"[(193, 1)]"
951,spongebob,"[(194, 1)]"
952,squarep,"[(194, 1)]"
953,mov,"[(194, 1)]"
954,titanwolf,"[(195, 1)]"
955,xxl,"[(195, 1)]"
956,800x300mm,"[(195, 1)]"
957,stars11,"[(195, 1)]"
958,effett,"[(195, 1)]"
959,precis,"[(195, 1), (209, 1)]"
960,lavabil,"[(195, 1)]"
961,hd1080,"[(196, 1)]"
962,proiettor,"[(196, 1)]"
963,voic,"[(197, 1)]"
964,mic12,"[(197, 1)]"
965,vaydeer,"[(198, 1)]"
966,trasfer,"[(198, 1)]"
967,versiontec,"[(199, 1)]"
968,vertic,"[(199, 1), (209, 2)]"
969,vesstt,"[(200, 1)]"
970,view,"[(201, 1)]"
971,struttur,"[(201, 1)]"
972,trapezoid,"[(201, 1)]"
973,bord,"[(201, 1)]"
974,student,"[(201, 1)]"
975,marron,"[(201, 1)]"
976,virtual,"[(202, 1)]"
977,revolut,"[(202, 1)]"
978,vistaprotect,"[(203, 1)]"
979,de,"[(203, 1)]"
980,vtec,"[(204, 1)]"
981,educ,"[(204, 1)]"
982,import,"[(204, 1)]"
983,spagn,"[(204, 1)]"
984,coperc,"[(205, 1)]"
985,30fp,"[(206, 1), (207, 1)]"
986,ausdom,"[(206, 1), (207, 1)]"
987,af640,"[(206, 1), (207, 1)]"
988,grandangol,"[(206, 1), (207, 1), (208, 1)]"
989,enon,"[(208, 1)]"
990,1536p,"[(208, 1)]"
991,ottic,"[(209, 2)]"
992,weskim,"[(209, 1)]"
993,alta,"[(209, 1), (215, 1)]"
994,adjustabl,"[(209, 1)]"
995,wisfox,"[(210, 1)]"
996,ricevitor,"[(210, 1)]"
997,nan,"[(210, 1)]"
998,verd,"[(210, 1), (214, 1)]"
999,xidu,"[(211, 1)]"
1000,philbook,"[(211, 1)]"
1001,5275u,"[(211, 1)]"
1002,sider,"[(211, 1)]"
1003,xnuoy,"[(212, 1)]"
1004,interfacc,"[(212, 1)]"
1005,xoss,"[(213, 1)]"
1006,gp,"[(213, 1)]"
1007,strad,"[(213, 1)]"
1008,ant,"[(213, 1)]"
1009,ciclism,"[(213, 1)]"
1010,cadenz,"[(213, 1)]"
1011,yellowxmin,"[(214, 1)]"
1012,tc,"[(214, 1)]"
1013,aspirapolv,"[(214, 1)]"
1014,yizhet,"[(215, 1)]"
1015,est,"[(215, 1)]"
1016,trasmiss,"[(215, 1)]"
1017,gbp,"[(215, 1)]"
1018,man,"[(216, 2)]"
1019,yjzq,"[(216, 1)]"
1020,scald,"[(216, 1)]"
1021,tipizz,"[(216, 1)]"
1022,peluc,"[(216, 1)]"
1023,termic,"[(216, 1)]"
1024,indoss,"[(216, 1)]"
1025,regal,"[(216, 1)]"
1026,natal,"[(216, 1)]"
1027,lovevook,"[(217, 1)]"
1028,vin,"[(217, 1)]"
1029,ross,"[(217, 1)]"
1030,trek,"[(218, 1)]"
1031,liber,"[(218, 1)]"
1032,zinz,"[(219, 1)]"
1033,borsett,"[(219, 1)]"
1034,ventiquattror,"[(219, 1)]"
1035,book,"[(219, 1)]"
1036,maggior,"[(219, 1)]"
1037,part,"[(219, 1)]"
1038,zkcreation,"[(220, 1)]"
